File,R²,RMSE
Au_Ag RHA.xlsx,0.7212752346579303,0.2466463577146658
