,Oad1,Inc1,dOad,dInc,Oad2,Inc2,Oad1_Inc1,Oad2_Inc2
Au_Ag RHA.xlsx,0.007498427407086139,0.5162138269238536,0.20762691850020798,0.5771374837307064,0.08847670208909704,0.07809411520945143,0.018403440172542675,0.1285836293398632
