,Oad1,Inc1,dOad,dInc,Oad2,Inc2,Oad1_Inc1,Oad2_Inc2
Au_Ag RHA.xlsx,1.3947455731927318,19.442491863184394,16.160006286494266,27.395918449157662,8.52719894530424,8.23011308323714,2.771582005629939,16.07794379379965
