,Oad1,Inc1,dOad,dInc,Oad2,Inc2,Oad1_Inc1,Oad2_Inc2
Au_Ag RHA.xlsx,0.008407719614522413,0.5914410244506947,0.23054395199921265,0.8065523553168987,0.055251693121406764,0.049402364518355266,0.017803463766302374,0.275381423464357
