File,R²,RMSE
Au_Ag RHA.xlsx,0.7054425160106822,0.25355487096078355
