,Oad1,Inc1,dOad,dInc,Oad2,Inc2,Oad1_Inc1,Oad2_Inc2
Au_Ag RHA.xlsx,0.002791735987238875,0.4199616268485089,0.11773260642883576,0.6933316090602621,0.16658262595960024,0.043574930784192625,0.0058222897475759035,0.22011469542259093
