File,R²,RMSE
Au_Ag RHA.xlsx,0.614264812582035,0.29015600038505546
