,Oad1,Inc1,dOad,dInc,Oad2,Inc2,Oad1_Inc1,Oad2_Inc2
Au_Ag RHA.xlsx,0.008172645648548423,0.13215494293177943,0.1695685435393395,0.3127847758299405,0.11567307991651313,0.04426750996099608,0.024812135717159817,0.19256636645572317
